{
  "GET - Página principal-1" : {
    "transaction" : "GET - Página principal-1",
    "sampleCount" : 750,
    "errorCount" : 0,
    "errorPct" : 0.0,
    "meanResTime" : 4.83733333333333,
    "medianResTime" : 4.0,
    "minResTime" : 2.0,
    "maxResTime" : 21.0,
    "pct1ResTime" : 8.0,
    "pct2ResTime" : 9.0,
    "pct3ResTime" : 13.0,
    "throughput" : 15.200648561005268,
    "receivedKBytesPerSec" : 121.01141315362788,
    "sentKBytesPerSec" : 1.7961703866031615
  },
  "GET - Página principal-0" : {
    "transaction" : "GET - Página principal-0",
    "sampleCount" : 750,
    "errorCount" : 0,
    "errorPct" : 0.0,
    "meanResTime" : 2.8533333333333344,
    "medianResTime" : 2.0,
    "minResTime" : 1.0,
    "maxResTime" : 59.0,
    "pct1ResTime" : 4.899999999999977,
    "pct2ResTime" : 5.0,
    "pct3ResTime" : 8.0,
    "throughput" : 15.182493572744388,
    "receivedKBytesPerSec" : 6.0937547445292415,
    "sentKBytesPerSec" : 1.71989185003745
  },
  "GET - Página Principal-0" : {
    "transaction" : "GET - Página Principal-0",
    "sampleCount" : 25,
    "errorCount" : 0,
    "errorPct" : 0.0,
    "meanResTime" : 6.72,
    "medianResTime" : 4.0,
    "minResTime" : 3.0,
    "maxResTime" : 59.0,
    "pct1ResTime" : 6.400000000000002,
    "pct2ResTime" : 43.39999999999996,
    "pct3ResTime" : 59.0,
    "throughput" : 6.415191172696947,
    "receivedKBytesPerSec" : 2.5748472382602,
    "sentKBytesPerSec" : 0.7267208750320759
  },
  "GET - Página Principal-1" : {
    "transaction" : "GET - Página Principal-1",
    "sampleCount" : 25,
    "errorCount" : 0,
    "errorPct" : 0.0,
    "meanResTime" : 10.199999999999998,
    "medianResTime" : 10.0,
    "minResTime" : 6.0,
    "maxResTime" : 15.0,
    "pct1ResTime" : 13.800000000000004,
    "pct2ResTime" : 15.0,
    "pct3ResTime" : 15.0,
    "throughput" : 6.503642039542143,
    "receivedKBytesPerSec" : 51.77508779916754,
    "sentKBytesPerSec" : 0.7684967644380853
  },
  "Total" : {
    "transaction" : "Total",
    "sampleCount" : 2325,
    "errorCount" : 0,
    "errorPct" : 0.0,
    "meanResTime" : 5.396989247311841,
    "medianResTime" : 4.0,
    "minResTime" : 1.0,
    "maxResTime" : 75.0,
    "pct1ResTime" : 10.0,
    "pct2ResTime" : 12.0,
    "pct3ResTime" : 17.0,
    "throughput" : 47.06287194850411,
    "receivedKBytesPerSec" : 262.3693831347921,
    "sentKBytesPerSec" : 7.261654070179345
  },
  "GET - Página principal" : {
    "transaction" : "GET - Página principal",
    "sampleCount" : 750,
    "errorCount" : 0,
    "errorPct" : 0.0,
    "meanResTime" : 7.893333333333337,
    "medianResTime" : 7.0,
    "minResTime" : 4.0,
    "maxResTime" : 75.0,
    "pct1ResTime" : 12.0,
    "pct2ResTime" : 14.0,
    "pct3ResTime" : 19.49000000000001,
    "throughput" : 15.181571596291647,
    "receivedKBytesPerSec" : 126.9529273232865,
    "sentKBytesPerSec" : 3.5137035823448444
  },
  "GET - Página Principal" : {
    "transaction" : "GET - Página Principal",
    "sampleCount" : 25,
    "errorCount" : 0,
    "errorPct" : 0.0,
    "meanResTime" : 17.480000000000008,
    "medianResTime" : 15.0,
    "minResTime" : 10.0,
    "maxResTime" : 75.0,
    "pct1ResTime" : 21.800000000000004,
    "pct2ResTime" : 59.39999999999996,
    "pct3ResTime" : 75.0,
    "throughput" : 6.400409626216078,
    "receivedKBytesPerSec" : 53.522175419226826,
    "sentKBytesPerSec" : 1.4813448060675882
  }
}